1,3.81649e-05
2,1.52686e-06
3,9.94591e-05
4,0.000149297
5,8.94539e-09
6,5.43539e-05
7,0.000100071
8,0.000147695
9,0.000156069
10,7.87068e-05
11,6.23068e-06
12,3.07437e-05
13,0.00015193
14,0.000187317
15,9.89715e-06
16,0.000307592
17,8.82212e-05
18,4.45198e-06
19,2.39801e-07
20,1.74678e-06
21,5.80097e-06
22,1.98273e-06
23,5.59052e-06
24,4.19723e-06
25,3.59675e-06
26,3.3526e-06
27,3.18142e-06
28,2.96746e-06
29,2.73283e-06
30,2.50488e-06
31,2.27973e-06
32,2.06451e-06
33,1.86832e-06
34,1.67337e-06
35,1.50474e-06
36,1.33796e-06
37,1.18918e-06
38,1.05158e-06
39,9.25162e-07
40,8.09375e-07
41,7.02511e-07
42,6.04308e-07
43,5.18572e-07
44,4.40017e-07
45,3.67339e-07
46,3.00183e-07
47,2.44205e-07
48,1.97962e-07
49,1.53599e-07
50,1.17588e-07
51,8.48631e-08
52,5.85982e-08
53,3.70921e-08
54,1.92861e-08
55,7.29168e-09
56,7.52502e-10
57,1.3958e-09
58,1.11697e-08
59,3.32185e-08
60,6.55384e-08
61,1.11707e-07
62,1.70503e-07
63,2.53642e-07
64,3.78603e-07
65,5.41952e-07
66,7.65945e-07
67,1.03385e-06
68,1.36818e-06
69,1.76176e-06
70,2.21064e-06
71,2.68717e-06
72,3.33377e-06
73,4.2448e-06
74,5.1432e-06
75,5.80664e-06
76,6.19913e-06
77,6.3609e-06
78,6.31701e-06
79,6.10097e-06
80,5.74549e-06
81,5.27873e-06
82,4.67966e-06
83,3.98672e-06
84,3.21525e-06
85,2.41629e-06
86,1.68078e-06
87,1.04731e-06
88,5.44035e-07
89,1.96526e-07
90,2.13089e-08
91,2.55499e-08
92,2.21696e-07
93,6.10919e-07
94,1.19587e-06
95,1.97279e-06
96,2.93508e-06
97,4.08599e-06
98,5.34591e-06
99,6.77244e-06
100,8.34978e-06
101,9.98162e-06
102,1.17138e-05
103,1.35255e-05
104,1.52974e-05
105,1.71218e-05
106,1.8938e-05
107,2.06997e-05
108,2.24838e-05
109,2.42071e-05
110,2.585e-05
111,2.74332e-05
112,2.89822e-05
113,3.0428e-05
114,3.17229e-05
115,3.28879e-05
116,3.38789e-05
117,3.45432e-05
118,3.48735e-05
119,3.46624e-05
120,3.37775e-05
121,3.20956e-05
122,2.95302e-05
123,2.61889e-05
124,2.24593e-05
125,1.88029e-05
126,1.55398e-05
127,1.27519e-05
128,1.04287e-05
129,8.50573e-06
130,6.91172e-06
131,5.60948e-06
132,4.51283e-06
133,3.57088e-06
134,2.7892e-06
135,2.12246e-06
136,1.55427e-06
137,1.08372e-06
138,6.95812e-07
139,4.0241e-07
140,1.85989e-07
141,5.2169e-08
142,5.0553e-10
143,3.23652e-08
144,1.49954e-07
145,3.54078e-07
146,6.50257e-07
147,1.02667e-06
148,1.49731e-06
149,2.01079e-06
150,2.59452e-06
151,3.18911e-06
152,3.77967e-06
153,4.30912e-06
154,4.72872e-06
155,5.00837e-06
156,5.11971e-06
157,5.07079e-06
158,4.91287e-06
159,4.68068e-06
160,4.43821e-06
161,4.21863e-06
162,4.0235e-06
163,3.86071e-06
164,3.72399e-06
165,3.62374e-06
166,3.54612e-06
167,3.4922e-06
168,3.46495e-06
169,3.44218e-06
170,3.45006e-06
171,3.4632e-06
172,3.49484e-06
173,3.54523e-06
174,3.60403e-06
175,3.68228e-06
176,3.787e-06
177,3.91367e-06
178,4.09565e-06
179,4.37293e-06
180,4.7873e-06
181,5.36897e-06
182,6.02092e-06
183,6.58387e-06
184,7.04634e-06
185,7.44972e-06
186,7.86037e-06
187,8.24951e-06
188,8.67025e-06
189,9.05743e-06
190,9.44437e-06
191,9.77449e-06
192,1.00325e-05
193,1.01298e-05
194,1.004e-05
195,9.70243e-06
196,9.22125e-06
197,8.65915e-06
198,8.07317e-06
199,7.59447e-06
200,7.17829e-06
201,6.83161e-06
202,6.54042e-06
203,6.22614e-06
204,5.93222e-06
205,5.58733e-06
206,5.22689e-06
207,4.79349e-06
208,4.28372e-06
209,3.69857e-06
210,3.06578e-06
211,2.41189e-06
212,1.84721e-06
213,1.42329e-06
214,1.16624e-06
215,9.92584e-07
216,8.66363e-07
217,7.08107e-07
218,5.90881e-07
219,5.66507e-07
220,4.62855e-07
221,4.23343e-07
222,3.47381e-07
223,3.27133e-07
224,2.69791e-07
225,2.64191e-07
226,2.45404e-07
227,2.35012e-07
228,2.52457e-07
229,2.67837e-07
230,2.74462e-07
231,3.13268e-07
232,3.48492e-07
233,3.71102e-07
234,4.18757e-07
235,4.385e-07
236,4.36007e-07
237,4.15409e-07
238,3.82964e-07
239,3.88231e-07
240,4.48857e-07
241,5.88348e-07
242,9.31582e-07
243,1.79759e-06
244,4.82553e-06
245,5.05594e-06
246,6.65297e-06
247,6.87108e-06
248,6.88714e-06
249,7.10525e-06
250,5.75792e-06
251,6.8649e-06
252,6.0163e-06
253,6.70046e-06
254,6.35615e-06
255,5.6959e-06
256,5.31886e-06
257,3.50806e-06
258,2.26846e-06
259,7.49223e-06
260,9.6131e-06
261,1.7743e-06
262,1.20437e-05
263,2.04299e-06
264,1.48986e-05
265,2.36166e-06
266,3.51513e-06
267,1.20225e-05
268,2.20644e-06
269,3.55855e-06
270,6.4851e-06
271,1.14242e-07
272,8.51829e-06
273,3.00644e-08
274,6.90694e-06
275,2.32247e-07
276,6.55247e-06
277,1.7067e-07
278,6.55127e-06
279,1.12158e-07
280,6.65115e-06
281,2.74286e-08
282,6.90942e-06
283,3.80051e-08
284,6.85811e-06
285,1.29217e-09
286,7.33697e-06
287,3.30777e-08
288,6.8822e-06
289,2.06039e-07
290,8.89929e-06
291,8.1485e-08
292,8.71262e-06
293,1.23169e-07
294,8.41409e-06
295,1.45606e-07
296,8.36836e-06
297,2.22505e-07
298,8.60999e-06
299,3.85008e-07
300,9.2141e-06
301,9.30673e-07
302,1.12297e-05
303,1.43286e-06
304,1.34877e-05
305,6.52596e-06
306,1.54365e-07
307,1.16842e-05
308,1.30849e-06
309,1.38027e-05
310,1.0525e-05
311,2.40378e-07
312,5.17531e-06
313,3.29217e-06
314,9.16624e-06
315,4.77394e-07
316,7.1518e-06
317,4.17339e-08
318,1.10645e-05
319,1.15077e-06
320,4.33606e-06
321,5.87783e-06
322,1.10472e-05
323,2.57104e-06
324,5.75622e-06
325,1.19377e-05
326,1.03894e-05
327,6.64008e-07
328,5.19408e-06
329,6.6626e-07
330,8.49355e-06
331,2.94165e-06
332,8.15774e-06
333,1.45978e-06
334,8.70358e-06
335,1.32254e-06
336,1.02132e-05
337,9.07445e-06
338,9.24319e-07
339,1.78404e-06
340,2.49269e-06
341,1.09725e-06
342,5.37935e-06
343,6.66696e-06
344,7.17261e-06
345,2.58807e-06
346,1.57972e-06
347,5.64764e-06
348,4.23461e-06
349,4.90048e-08
350,4.73846e-06
351,7.72423e-06
352,1.09075e-05
353,9.51765e-06
354,1.18079e-06
355,1.2315e-06
356,8.02571e-06
357,3.45006e-06
358,8.59272e-06
359,7.74782e-06
360,1.74438e-08
361,5.2463e-06
362,6.7475e-06
363,8.04307e-06
364,8.21504e-06
365,8.69732e-06
366,7.91794e-06
367,3.17524e-06
368,7.87887e-06
369,5.02368e-06
370,9.39231e-06
371,8.2705e-06
372,5.5673e-06
373,8.03439e-06
374,9.5482e-06
375,8.32208e-06
376,9.24631e-06
377,9.40387e-06
378,7.96043e-06
379,6.72365e-06
380,4.89304e-06
381,1.01718e-05
382,8.65846e-06
383,8.18131e-06
384,8.36495e-06
385,8.21369e-06
386,8.3452e-06
387,9.93054e-07
388,1.60678e-06
389,8.19074e-06
390,8.96548e-06
391,8.71123e-06
392,1.17312e-06
393,1.06425e-06
394,8.04107e-06
395,8.96266e-06
396,9.14058e-06
397,9.73402e-06
398,7.58343e-06
399,5.84019e-07
400,1.57232e-06
401,1.14068e-06
402,2.40714e-06
403,5.91616e-06
404,6.08236e-06
405,7.63738e-06
406,6.74468e-09
407,1.32526e-06
408,5.38919e-06
409,5.61131e-06
410,7.74519e-06
411,6.40793e-06
412,4.89357e-06
413,7.55426e-06
414,6.71571e-06
415,1.26334e-06
416,5.21827e-06
417,6.63111e-06
418,7.40413e-06
419,8.76625e-06
420,9.31665e-06
421,6.80454e-06
422,3.78471e-06
423,7.84518e-06
424,9.10429e-06
425,7.07075e-06
426,5.33246e-06
427,7.76882e-06
428,7.27139e-06
429,5.49748e-06
430,7.7984e-06
431,6.26441e-06
432,3.02303e-06
433,6.74261e-06
434,7.41119e-06
435,8.15706e-06
436,1.05165e-06
437,4.2196e-06
438,5.93624e-06
439,6.91933e-06
440,7.52903e-06
441,5.97879e-06
442,7.69152e-06
443,5.89955e-06
444,2.59604e-06
445,6.64325e-06
446,7.05823e-06
447,7.86565e-06
448,2.82365e-06
449,4.63796e-06
450,3.63352e-07
451,5.71447e-06
452,6.19854e-06
453,8.1712e-06
454,8.541e-06
455,6.36506e-06
456,4.96681e-06
457,7.42081e-06
458,6.18271e-06
459,3.26146e-06
460,7.90667e-06
461,7.94647e-06
462,8.05412e-07
463,3.55589e-06
464,5.99263e-06
465,3.31615e-06
466,7.04697e-06
467,6.63233e-06
468,6.22026e-06
469,7.19471e-06
470,7.03321e-06
471,6.74873e-06
472,6.98394e-06
473,6.62929e-06
474,3.07611e-06
475,7.38491e-06
476,7.79379e-06
477,8.0424e-06
478,5.83279e-06
479,5.90471e-06
480,7.06762e-06
481,4.26327e-06
482,6.34902e-06
483,6.94166e-06
484,7.93646e-10
485,2.58769e-06
486,7.48642e-06
487,7.34272e-06
488,7.65758e-06
489,7.72685e-06
490,7.27583e-06
491,8.72954e-07
492,3.90715e-06
493,6.87787e-06
494,3.51557e-06
495,2.45748e-06
496,7.41953e-06
497,7.41055e-06
498,6.59113e-06
499,2.52853e-06
500,2.69684e-06
501,7.36252e-06
502,7.30255e-06
503,2.44715e-06
504,5.80267e-06
505,2.40129e-06
506,7.28664e-06
507,7.22381e-06
508,4.63491e-06
509,2.95258e-06
510,5.01418e-06
511,9.39786e-07
512,3.23683e-06
513,6.42703e-06
514,5.9598e-06
515,2.52142e-06
516,6.94415e-06
517,6.05798e-06
518,6.40734e-06
519,6.42464e-06
520,5.22797e-06
521,1.25145e-06
522,5.55619e-06
523,5.79246e-06
524,5.01101e-06
525,3.77234e-06
526,6.12777e-06
527,5.07928e-06
528,3.05301e-06
529,5.91788e-06
530,6.81007e-06
531,5.7715e-06
532,6.40555e-06
533,6.10853e-06
534,4.77391e-06
535,4.17422e-06
536,7.14865e-06
537,6.11786e-06
538,5.10586e-06
539,3.35963e-06
540,5.61466e-06
541,4.84988e-06
542,5.27061e-06
543,5.86413e-06
544,5.07238e-06
545,2.26385e-06
546,5.66782e-06
547,4.79968e-06
548,8.06258e-07
549,5.52846e-06
550,4.69751e-06
551,8.95329e-07
552,5.55286e-06
553,4.49198e-06
554,1.09929e-06
555,5.63981e-06
556,4.41293e-06
557,1.95901e-06
558,6.60323e-06
559,6.40137e-06
560,4.64825e-08
561,1.80613e-06
562,5.28414e-06
563,4.61094e-07
564,5.36118e-06
565,6.03365e-06
566,6.37101e-06
567,6.90323e-06
568,6.12543e-06
569,9.30673e-07
570,1.47597e-06
571,6.45514e-06
572,6.58569e-06
573,6.83038e-06
574,6.27031e-06
575,3.37044e-07
576,3.98534e-07
577,6.20499e-06
578,5.06071e-06
579,4.45391e-07
580,6.49771e-06
581,6.73099e-06
582,5.93796e-06
583,1.6056e-09
584,2.08939e-06
585,5.25116e-06
586,6.4779e-06
587,5.01259e-06
588,4.04655e-07
589,6.40137e-06
590,6.56394e-06
591,6.79778e-06
592,5.97591e-06
593,3.98385e-07
594,3.28619e-06
595,4.92646e-06
596,3.79801e-06
597,5.26358e-06
598,1.67573e-08
599,6.2709e-06
600,6.45933e-06
601,6.47131e-06
602,5.83165e-06
603,9.97755e-07
604,5.98439e-06
605,4.57273e-06
606,5.09469e-06
607,5.90881e-07
608,2.86925e-06
609,4.34588e-06
610,4.72052e-06
611,4.89669e-06
612,5.4234e-08
613,6.0661e-06
614,6.2332e-06
615,6.41449e-06
616,5.6796e-06
617,3.83069e-07
618,1.95538e-06
619,4.72564e-06
620,2.821e-09
621,6.10912e-06
622,6.12835e-06
623,6.05856e-06
624,5.80664e-06
625,6.4761e-06
626,3.80766e-06
627,3.29921e-08
628,5.91845e-06
629,4.6263e-06
630,1.85785e-07
631,5.98801e-06
632,5.6141e-06
633,6.27503e-06
634,4.58685e-06
635,4.49647e-07
636,6.04349e-06
637,6.0574e-06
638,5.52181e-06
639,5.34007e-06
640,3.27765e-06
641,5.2652e-06
642,5.18711e-06
643,4.45659e-06
644,4.27495e-06
645,2.28035e-08
646,5.76131e-06
647,5.24144e-06
648,4.70518e-06
649,3.68544e-06
650,3.80582e-06
651,5.41822e-06
652,2.51394e-06
653,3.16308e-06
654,4.61465e-06
655,4.41343e-06
656,4.05807e-06
657,3.6634e-07
658,3.14634e-06
659,4.26959e-06
660,5.95781e-07
661,5.00732e-06
662,5.24522e-06
663,5.57843e-06
664,4.15499e-06
665,1.84081e-06
666,3.56967e-06
667,5.3281e-06
668,3.75452e-06
669,4.22424e-07
670,5.58177e-06
671,5.21397e-06
672,4.18492e-09
673,8.11768e-07
674,4.29153e-06
675,9.14707e-09
676,5.46438e-06
677,4.72769e-06
678,4.80743e-06
679,5.02737e-06
680,5.5673e-06
681,4.8064e-06
682,6.6933e-08
683,5.44347e-06
684,5.41712e-06
685,5.28902e-06
686,5.91903e-06
687,2.89697e-06
688,1.68628e-06
689,3.28149e-06
690,4.06329e-06
691,4.30032e-06
692,4.62477e-06
693,2.85144e-06
694,1.5797e-07
695,4.48848e-06
696,3.63765e-06
697,1.37342e-06
698,3.88761e-06
699,5.16416e-07
700,5.39575e-06
701,5.51074e-06
702,5.6141e-06
703,4.81105e-06
704,3.41461e-10
705,3.70384e-07
706,4.02113e-06
707,4.09995e-06
708,8.1466e-08
709,5.14106e-06
710,5.24414e-06
711,4.92123e-06
712,5.02526e-06
713,3.76091e-06
714,1.18803e-07
715,4.91809e-06
716,4.71233e-06
717,4.98888e-06
718,3.84776e-06
719,1.13541e-06
720,3.92907e-06
721,4.84677e-06
722,4.15067e-06
723,6.81983e-07
724,5.04218e-06
725,4.96418e-06
726,4.69088e-06
727,3.06281e-07
728,3.28533e-06
729,3.49968e-06
730,1.33613e-06
731,3.99849e-06
732,5.71098e-10
733,4.97731e-06
734,5.15068e-06
735,5.30963e-06
736,4.91809e-06
737,5.35588e-06
738,5.15389e-06
739,4.50447e-06
740,5.48738e-07
741,4.93326e-06
742,5.16192e-06
743,4.41689e-06
744,2.10543e-06
745,1.6035e-06
746,2.60592e-06
747,3.25593e-06
748,4.58181e-06
749,2.09723e-06
750,3.61522e-06
751,1.75084e-06
752,3.97403e-06
753,4.68323e-06
754,3.40643e-06
755,7.07608e-13
756,4.75437e-06
757,4.9364e-06
758,5.06972e-06
759,4.39266e-06
760,2.55153e-07
761,3.51601e-06
762,2.86697e-06
763,3.70265e-06
764,1.53007e-06
765,3.54567e-06
766,4.30765e-06
767,4.48499e-06
768,3.79571e-06
769,2.52479e-06
770,4.13724e-06
771,3.6581e-07
772,2.93024e-06
773,3.92206e-06
774,3.77371e-06
775,6.7544e-08
776,4.55763e-06
777,4.46705e-06
778,4.74102e-06
779,4.81311e-06
780,4.31254e-06
781,1.32417e-06
782,4.03911e-06
783,9.3796e-07
784,4.07518e-06
785,4.42928e-06
786,4.33213e-06
787,4.12001e-06
788,4.26876e-07
789,4.54557e-06
790,4.43325e-06
791,4.6476e-06
792,4.89878e-06
793,4.96103e-06
794,4.1622e-06
795,4.32745e-08
796,7.36944e-07
797,3.53636e-06
798,5.2748e-07
799,4.49947e-06
800,4.29739e-06
801,4.19833e-06
802,4.53779e-06
803,2.96433e-06
804,2.52634e-07
805,4.64151e-06
806,4.72564e-06
807,4.1894e-06
808,4.81596e-06
809,4.64811e-06
810,3.64867e-06
811,2.51562e-06
812,3.76182e-06
813,3.19037e-06
814,9.29423e-07
815,4.353e-06
816,3.92183e-06
817,3.87902e-06
818,2.45079e-07
819,3.3385e-06
820,2.54786e-06
821,3.65227e-06
822,2.3729e-06
823,3.85238e-06
824,3.01362e-06
825,3.50718e-06
826,1.73189e-07
827,4.23825e-06
828,3.9637e-06
829,4.47651e-06
830,4.61288e-06
831,4.57853e-06
832,4.56593e-06
833,4.64456e-06
834,4.71413e-06
835,3.69699e-06
836,9.43788e-07
837,3.72399e-06
838,3.74516e-06
839,2.57671e-06
840,3.15115e-06
841,3.54723e-06
842,3.38754e-06
843,1.87937e-06
844,3.64642e-06
845,4.43193e-07
846,5.91877e-07
847,2.96908e-06
848,4.02562e-06
849,3.35726e-06
850,8.34426e-07
851,3.94169e-06
852,3.84846e-06
853,1.84273e-06
854,3.68974e-06
855,2.23259e-06
856,3.63855e-06
857,1.41263e-06
858,3.47922e-06
859,4.13968e-07
860,4.01736e-06
861,3.78425e-06
862,1.08146e-06
863,4.04598e-06
864,3.87299e-06
865,4.19664e-06
866,4.08184e-06
867,4.30741e-06
868,4.1894e-06
869,4.10687e-06
870,4.0709e-06
871,4.35767e-06
872,3.50255e-06
873,2.4795e-06
874,3.25445e-06
875,8.73368e-08
876,4.14731e-06
877,3.62598e-06
878,9.309e-07
879,3.30008e-06
880,1.46448e-06
881,3.51667e-06
882,7.14465e-07
883,3.4184e-06
884,4.13362e-07
885,3.42363e-06
886,4.54637e-07
887,3.45816e-06
888,5.89614e-07
889,3.48537e-06
890,7.42111e-07
891,3.51933e-06
892,9.63806e-07
893,3.56544e-06
894,1.34076e-06
895,3.52264e-06
896,1.17976e-06
897,3.57769e-06
898,1.58194e-06
899,3.52928e-06
900,1.35375e-06
901,3.59152e-06
902,1.73792e-06
903,3.54834e-06
904,1.59649e-06
905,3.58326e-06
906,1.83953e-06
907,3.5388e-06
908,1.81152e-06
909,3.56722e-06
910,1.96115e-06
911,3.49418e-06
912,2.01932e-06
913,3.53614e-06
914,2.12255e-06
915,3.48757e-06
916,2.25747e-06
917,3.51601e-06
918,2.35678e-06
919,3.43519e-06
920,2.41574e-06
921,3.45859e-06
922,2.55049e-06
923,3.39709e-06
924,2.45822e-06
925,3.40491e-06
926,2.56764e-06
927,3.38147e-06
928,2.57955e-06
929,3.39622e-06
930,2.69065e-06
931,3.4221e-06
932,2.78086e-06
933,3.37779e-06
934,2.68872e-06
935,3.42036e-06
936,2.77615e-06
937,3.38819e-06
938,2.74542e-06
939,3.39383e-06
940,2.75675e-06
941,3.38841e-06
942,2.76595e-06
943,3.37065e-06
944,2.7591e-06
945,3.36676e-06
946,2.75871e-06
947,3.351e-06
948,2.77909e-06
949,3.33398e-06
950,2.74483e-06
951,3.33441e-06
952,2.76164e-06
953,3.32002e-06
954,2.7634e-06
955,3.31144e-06
956,2.77517e-06
957,3.30051e-06
958,2.77713e-06
959,3.29068e-06
960,2.77007e-06
961,3.28192e-06
962,2.77438e-06
963,3.2687e-06
964,2.77595e-06
965,3.2553e-06
966,2.75714e-06
967,3.25763e-06
968,2.77752e-06
969,3.23704e-06
970,2.74835e-06
971,3.23874e-06
972,2.75636e-06
973,3.2218e-06
974,2.76654e-06
975,3.20406e-06
976,2.74347e-06
977,3.2106e-06
978,2.74405e-06
979,3.19606e-06
980,2.74639e-06
981,3.18427e-06
982,2.75323e-06
983,3.17314e-06
984,2.73333e-06
985,3.17356e-06
986,2.72632e-06
987,3.15868e-06
988,2.72807e-06
989,3.14989e-06
990,2.71525e-06
991,3.13652e-06
992,2.70749e-06
993,3.13423e-06
994,2.70884e-06
995,3.12235e-06
996,2.70071e-06
997,3.11632e-06
998,2.70652e-06
999,3.10468e-06
1000,2.67926e-06
1001,3.09494e-06
1002,2.67714e-06
1003,3.0881e-06
1004,2.66655e-06
1005,3.07445e-06
1006,2.65387e-06
1007,3.06991e-06
1008,2.65924e-06
1009,3.06104e-06
1010,2.64122e-06
1011,3.0526e-06
1012,2.64524e-06
1013,3.04972e-06
1014,2.63854e-06
1015,3.04046e-06
1016,2.61353e-06
1017,3.02651e-06
1018,2.60611e-06
1019,3.02713e-06
1020,2.60116e-06
1021,3.01137e-06
1022,2.58561e-06
1023,2.98322e-06
1024,2.5379e-06
1025,2.97753e-06
1026,2.52778e-06
1027,2.95379e-06
1028,2.49902e-06
1029,2.95177e-06
1030,2.5145e-06
1031,2.96413e-06
1032,2.54222e-06
1033,2.96068e-06
1034,2.53022e-06
1035,2.95602e-06
1036,2.53209e-06
1037,2.95237e-06
1038,2.50405e-06
1039,2.93358e-06
1040,2.47172e-06
1041,2.9362e-06
1042,2.50498e-06
1043,2.92894e-06
1044,2.45047e-06
1045,2.88495e-06
1046,2.36094e-06
1047,2.76301e-06
1048,1.92094e-06
1049,2.18618e-06
1050,3.88088e-06
1051,1.68751e-06
1052,1.20679e-06
1053,2.41684e-06
1054,1.6398e-06
1055,2.19228e-06
1056,1.24816e-06
1057,2.29944e-06
1058,1.72691e-06
1059,2.10184e-06
1060,2.57407e-06
1061,2.96027e-06
1062,1.91654e-06
1063,1.05069e-06
1064,2.41006e-06
1065,1.96214e-06
1066,2.12977e-06
1067,2.23646e-06
1068,5.02292e-07
1069,1.99845e-06
1070,1.64131e-06
1071,2.08462e-06
1072,1.26334e-06
1073,2.19019e-06
1074,1.51002e-06
1075,2.03391e-06
1076,1.78058e-06
1077,1.88729e-06
1078,1.32133e-06
1079,2.14492e-06
1080,1.49731e-06
1081,1.9752e-06
1082,2.71001e-06
1083,1.3439e-06
1084,1.98034e-06
1085,2.46635e-06
1086,2.22397e-06
1087,7.79302e-07
1088,2.13149e-06
1089,1.64675e-06
1090,2.00879e-06
1091,2.27432e-06
1092,1.25548e-08
1093,1.95143e-06
1094,1.05915e-06
1095,2.14889e-06
1096,1.16713e-06
1097,2.04333e-06
1098,9.42415e-07
1099,2.11467e-06
1100,1.16688e-06
1101,1.92961e-06
1102,1.202e-06
1103,2.00662e-06
1104,1.05334e-06
1105,1.91197e-06
1106,7.04938e-07
1107,2.13424e-06
1108,1.40773e-06
1109,1.82566e-06
1110,9.67268e-09
1111,2.06562e-06
1112,1.0262e-06
1113,1.78231e-06
1114,9.08529e-08
1115,2.19194e-06
1116,1.20847e-06
1117,1.65189e-06
1118,2.32146e-06
1119,8.23913e-07
1120,1.68537e-06
1121,7.38563e-07
1122,1.50887e-06
1123,1.23818e-06
1124,9.05502e-07
1125,2.60649e-06
1126,3.31101e-06
1127,3.7261e-07
1128,2.15996e-07
1129,2.65675e-06
1130,2.99768e-06
1131,3.82746e-07
1132,2.52364e-07
1133,2.43445e-06
1134,3.33021e-07
1135,2.73236e-06
1136,2.72846e-06
1137,6.27098e-07
1138,3.87823e-07
1139,2.31053e-06
1140,6.27047e-08
1141,2.16447e-06
1142,3.11269e-08
1143,2.21432e-06
1144,3.33474e-08
1145,2.37109e-06
1146,1.8057e-07
1147,2.63624e-06
1148,5.12361e-07
1149,1.87372e-06
1150,1.68124e-06
1151,1.30109e-06
1152,1.76959e-06
1153,1.01015e-06
1154,1.88669e-07
1155,1.9488e-06
1156,2.72429e-07
1157,2.62211e-06
1158,6.79262e-07
1159,1.86036e-06
1160,1.42793e-06
1161,1.83714e-06
1162,6.50447e-07
1163,2.5349e-06
1164,6.30554e-07
1165,1.88099e-06
1166,1.16281e-07
1167,2.04805e-06
1168,1.35232e-08
1169,2.02351e-06
1170,3.16609e-09
1171,2.14406e-06
1172,3.39854e-07
1173,1.94995e-06
1174,2.67283e-09
1175,2.53584e-06
1176,4.76174e-07
1177,1.80344e-06
1178,2.52928e-06
1179,1.17299e-06
1180,1.31456e-06
1181,1.84097e-06
1182,1.04586e-06
1183,2.40513e-06
1184,1.25528e-06
1185,2.1942e-06
1186,7.24758e-07
1187,1.76881e-06
1188,2.24475e-06
1189,7.84615e-07
1190,1.86882e-07
1191,1.97024e-06
1192,4.40452e-07
1193,1.99695e-06
1194,5.20318e-07
1195,1.97272e-06
1196,1.63904e-07
1197,1.92535e-06
1198,8.78598e-08
1199,1.88066e-06
1200,3.13303e-09
1201,1.95028e-06
1202,1.45022e-07
1203,1.80883e-06
1204,1.57128e-12
1205,1.90758e-06
1206,4.6658e-10
1207,2.38398e-06
1208,3.82673e-07
1209,2.51133e-06
1210,6.6324e-07
1211,2.2481e-06
1212,1.35211e-06
1213,2.16291e-06
1214,2.07647e-06
1215,1.69456e-06
1216,4.72118e-07
1217,2.42307e-06
1218,7.09892e-07
1219,2.3971e-06
1220,8.43706e-07
1221,2.52142e-06
1222,7.06026e-07
1223,2.00378e-06
1224,7.79094e-07
1225,1.65795e-06
1226,4.89434e-07
1227,1.58683e-06
1228,3.08148e-06
1229,2.61677e-06
1230,2.92773e-06
1231,5.21593e-07
1232,1.05152e-07
1233,2.47394e-06
1234,2.01163e-06
1235,5.57675e-07
1236,7.9477e-07
1237,7.20247e-08
1238,1.99395e-06
1239,1.03949e-06
1240,1.81168e-06
1241,3.64458e-07
1242,1.85651e-06
1243,4.20741e-07
1244,1.90807e-06
1245,1.43724e-07
1246,4.84069e-08
1247,6.01067e-08
1248,1.95258e-06
1249,4.40687e-07
1250,2.31698e-06
1251,1.31997e-06
1252,1.76145e-06
1253,7.20252e-07
1254,1.87163e-06
1255,4.00213e-07
1256,3.12543e-07
1257,2.58201e-06
1258,2.76536e-06
1259,1.47863e-06
1260,1.53007e-06
1261,2.46894e-06
1262,3.0852e-06
1263,1.72567e-06
1264,5.96716e-10
1265,2.07918e-06
1266,1.88746e-06
1267,8.9756e-07
1268,2.60478e-06
1269,2.99605e-06
1270,5.3918e-07
1271,5.22649e-08
1272,2.23646e-06
1273,1.30944e-06
1274,1.41697e-07
1275,2.27663e-06
1276,2.92954e-06
1277,1.66478e-06
1278,1.52841e-07
1279,5.3516e-07
1280,4.2144e-08
1281,1.96627e-06
1282,2.37991e-07
1283,2.64409e-06
1284,1.24264e-06
1285,2.61715e-06
1286,1.25132e-06
1287,1.64871e-06
1288,1.44485e-07
1289,4.0503e-07
1290,1.65113e-06
1291,1.0287e-06
1292,1.63407e-06
1293,2.40526e-07
1294,1.35296e-07
1295,1.64569e-06
1296,3.20229e-07
1297,8.03268e-08
1298,1.20627e-06
1299,3.2009e-06
1300,8.69546e-07
1301,3.67165e-07
1302,1.69134e-06
1303,8.72672e-08
1304,2.93358e-06
1305,2.95521e-06
1306,2.2697e-06
1307,3.05772e-08
1308,1.63513e-06
1309,1.25037e-07
1310,5.18325e-09
1311,1.43011e-07
1312,1.21885e-06
1313,3.0805e-09
1314,2.7546e-06
1315,3.73834e-07
1316,1.39713e-06
1317,2.65464e-07
1318,1.21457e-06
1319,1.5035e-08
1320,5.8177e-07
1321,1.90514e-06
1322,1.20768e-08
1323,5.68184e-09
1324,6.90767e-07
1325,1.78813e-06
1326,1.89377e-06
1327,3.51465e-10
1328,2.56021e-07
1329,2.24263e-06
1330,4.44684e-07
1331,6.25699e-07
1332,4.29567e-09
1333,3.39294e-08
1334,2.97102e-06
1335,2.72039e-06
1336,2.05558e-07
1337,1.73319e-06
1338,7.57671e-09
1339,2.00378e-06
1340,4.51903e-09
1341,1.10177e-07
1342,1.63528e-06
1343,1.53991e-09
1344,2.04805e-06
1345,2.10731e-06
1346,6.88419e-07
1347,3.45302e-08
1348,3.95199e-07
1349,9.63217e-09
1350,3.49328e-07
1351,2.61543e-06
1352,1.49134e-08
1353,1.95151e-06
1354,2.78018e-08
1355,1.82224e-06
1356,1.1838e-06
1357,5.78047e-07
1358,2.0387e-06
1359,6.11201e-07
1360,2.87666e-06
1361,2.66203e-06
1362,6.20538e-07
1363,2.05638e-07
1364,6.58706e-08
1365,1.45331e-06
1366,2.77183e-06
1367,2.67984e-06
1368,4.33849e-08
1369,1.29725e-07
1370,7.36135e-07
1371,1.55891e-06
1372,2.99639e-07
1373,3.79319e-06
1374,1.88729e-06
1375,1.75833e-06
1376,2.29828e-08
1377,1.14768e-08
1378,1.97835e-06
1379,2.07978e-06
1380,1.22595e-06
1381,2.01664e-06
1382,9.31866e-07
1383,2.34184e-07
1384,8.93127e-08
1385,1.91515e-06
1386,2.74444e-06
1387,1.22497e-06
1388,1.89685e-06
1389,6.96752e-07
1390,4.41039e-07
1391,8.53787e-08
1392,5.00624e-07
1393,2.02678e-06
1394,4.29806e-07
1395,3.66771e-06
1396,7.33005e-07
1397,2.54918e-06
1398,3.76793e-07
1399,2.54157e-06
1400,1.07479e-06
1401,4.02938e-07
1402,1.81975e-07
1403,2.59955e-06
1404,2.05496e-06
1405,3.62125e-08
1406,1.17989e-06
1407,4.58211e-09
1408,1.2389e-06
1409,1.4281e-07
1410,1.4221e-07
1411,3.4957e-08
1412,2.01121e-06
1413,1.06547e-06
1414,8.25646e-08
1415,2.66441e-08
1416,1.07962e-06
1417,1.91254e-06
1418,1.34151e-06
1419,2.5892e-07
1420,2.43997e-06
1421,4.06836e-07
1422,3.1524e-06
1423,1.35668e-07
1424,2.41564e-06
1425,2.62318e-07
1426,8.83497e-07
1427,4.72331e-08
1428,2.17175e-06
1429,1.71257e-07
1430,2.12307e-06
1431,1.52912e-06
1432,6.1975e-07
1433,2.93065e-06
1434,1.13848e-06
1435,3.36041e-10
1436,1.51909e-06
1437,1.06821e-06
1438,9.66963e-08
1439,2.49271e-07
1440,1.3126e-06
1441,1.6088e-06
1442,8.55215e-07
1443,3.47329e-06
1444,1.10517e-06
1445,9.47396e-07
1446,3.53023e-07
1447,9.34939e-07
1448,1.47908e-07
1449,2.50979e-07
1450,2.22924e-06
1451,9.96167e-07
1452,2.59471e-06
1453,3.46164e-08
1454,1.878e-06
1455,1.8784e-06
1456,1.02679e-06
1457,2.90239e-06
1458,2.81584e-06
1459,5.02501e-07
1460,1.98854e-07
1461,2.40615e-09
1462,3.25887e-07
1463,1.69525e-06
1464,1.41718e-06
1465,3.08096e-06
1466,3.93054e-07
1467,6.33918e-09
1468,2.20232e-07
1469,2.73466e-11
1470,3.03266e-06
1471,2.2956e-06
1472,1.39004e-06
1473,1.97131e-06
1474,1.20681e-07
1475,2.77552e-07
1476,6.83142e-09
1477,3.64777e-06
1478,6.88205e-08
1479,4.26453e-07
1480,3.15448e-07
1481,9.02198e-07
1482,1.49773e-08
1483,2.60126e-06
1484,2.13898e-06
1485,1.51371e-07
1486,2.76271e-12
1487,2.20154e-06
1488,3.48461e-06
1489,2.01096e-06
1490,2.72224e-06
1491,4.42401e-09
1492,1.9103e-07
1493,2.93336e-08
1494,4.35812e-07
1495,1.0004e-07
1496,1.66478e-06
1497,2.77435e-10
1498,4.20458e-08
1499,1.79271e-07
1500,1.55648e-06
1501,2.56048e-06
1502,1.12139e-06
1503,2.33117e-06
1504,2.68752e-07
1505,8.22096e-08
1506,4.74387e-07
1507,5.11223e-07
1508,2.5299e-07
1509,1.48918e-08
1510,9.72489e-09
1511,1.24704e-07
1512,3.02631e-06
1513,2.05665e-06
1514,1.71856e-06
1515,8.2418e-07
1516,1.43322e-06
1517,2.5928e-07
1518,1.22243e-06
1519,1.40173e-06
1520,1.45359e-07
1521,1.04592e-06
1522,2.11861e-06
1523,3.87717e-06
1524,1.03511e-08
1525,1.71109e-08
1526,2.93959e-07
1527,4.27102e-07
1528,3.48703e-08
1529,2.28434e-07
1530,3.93035e-06
1531,1.94108e-06
1532,3.77046e-07
1533,2.91569e-07
1534,2.20592e-07
1535,1.8021e-06
1536,2.03912e-06
1537,1.87389e-06
1538,2.99833e-07
1539,5.52584e-07
1540,3.59739e-07
1541,1.55237e-06
1542,1.91244e-10
1543,1.00544e-07
1544,1.80629e-06
1545,5.51438e-09
1546,5.85595e-07
1547,2.20023e-08
1548,1.27735e-08
1549,5.20403e-07
1550,6.4945e-07
1551,1.52163e-06
1552,6.24965e-08
1553,3.39427e-06
1554,1.59396e-06
1555,1.10764e-07
1556,2.19333e-06
1557,3.2864e-06
1558,2.14743e-06
1559,6.4992e-12
1560,4.59857e-09
1561,1.13998e-06
1562,3.09038e-06
1563,7.28216e-07
1564,1.65219e-06
1565,1.5318e-08
1566,7.46837e-07
1567,1.01064e-09
1568,1.39909e-07
1569,6.23419e-07
1570,1.25534e-06
1571,1.13076e-06
1572,2.99575e-07
1573,5.4534e-07
1574,1.66973e-06
1575,1.42646e-06
1576,5.26292e-08
1577,3.66345e-07
1578,2.2325e-06
1579,8.28464e-07
1580,1.46691e-06
1581,2.20836e-06
1582,5.13533e-08
1583,1.13767e-06
1584,9.42519e-09
1585,2.50743e-07
1586,2.26075e-07
1587,3.28984e-07
1588,7.55106e-07
1589,1.82463e-08
1590,6.64488e-07
1591,4.86128e-08
1592,9.59468e-08
1593,2.59253e-06
1594,2.96648e-07
1595,1.70885e-06
1596,5.34175e-07
1597,3.06113e-06
1598,7.84772e-07
1599,1.98123e-07
1600,3.03456e-07
1601,1.58824e-06
1602,1.625e-07
1603,1.06401e-06
1604,5.52945e-10
1605,5.34046e-07
1606,8.54942e-07
1607,5.79437e-07
1608,1.78703e-06
1609,1.48157e-06
1610,3.6502e-09
1611,7.81548e-08
1612,7.78587e-08
1613,5.40479e-07
1614,2.50212e-07
1615,1.01845e-06
1616,6.67998e-07
1617,4.49607e-07
1618,1.24961e-06
1619,3.30714e-06
1620,1.98674e-07
1621,7.55925e-07
1622,1.54431e-08
1623,1.59225e-06
1624,5.98056e-07
1625,2.37933e-07
1626,6.41502e-09
1627,2.548e-07
1628,1.12764e-06
1629,3.40537e-07
1630,2.31422e-09
1631,1.3838e-06
1632,9.09598e-07
1633,1.3777e-06
1634,7.07958e-07
1635,2.493e-07
1636,2.08829e-07
1637,1.23e-06
1638,8.10966e-08
1639,4.004e-07
1640,4.9522e-07
1641,6.83151e-07
1642,6.16161e-08
1643,2.31173e-07
1644,6.91435e-08
1645,4.22118e-07
1646,1.86755e-07
1647,6.6208e-06
1648,1.56362e-07
1649,4.74509e-07
1650,3.08277e-07
1651,1.57306e-06
1652,2.81373e-10
1653,1.07148e-07
1654,8.50747e-07
1655,2.80762e-08
1656,2.20924e-07
1657,3.40919e-07
1658,1.7408e-06
1659,5.82139e-08
1660,1.88955e-08
1661,1.25705e-06
1662,6.1703e-10
1663,5.9224e-07
1664,1.66654e-07
1665,1.14959e-07
1666,2.18986e-07
1667,3.35292e-08
1668,1.52272e-06
1669,1.66061e-08
1670,1.5724e-06
1671,6.03073e-08
1672,1.0909e-08
1673,1.12669e-06
1674,2.88271e-07
1675,1.68713e-06
1676,3.48899e-11
1677,7.75601e-12
1678,2.23708e-08
1679,4.27493e-08
1680,5.02918e-07
1681,4.04091e-09
1682,2.24579e-08
1683,2.80606e-07
1684,1.47437e-05
1685,1.33851e-07
1686,1.77838e-06
1687,2.67776e-07
1688,1.88495e-06
1689,9.88118e-08
1690,1.12614e-06
1691,5.5964e-08
1692,9.57391e-07
1693,1.5515e-07
1694,1.17741e-10
1695,9.37383e-07
1696,1.31022e-07
1697,5.20822e-07
1698,9.16157e-08
1699,3.272e-07
1700,2.00829e-06
1701,8.78565e-10
1702,2.52309e-07
1703,1.29706e-06
1704,4.03986e-07
1705,1.0306e-07
1706,6.36355e-08
1707,1.03234e-06
1708,3.64844e-07
1709,4.70174e-08
1710,4.14645e-07
1711,7.94964e-08
1712,4.23305e-07
1713,1.67163e-06
1714,6.53104e-07
1715,1.35649e-06
1716,2.27227e-09
1717,1.42666e-06
1718,1.66244e-09
1719,1.16979e-08
1720,1.23856e-06
1721,2.35269e-07
1722,4.03537e-07
1723,1.50865e-08
1724,2.5925e-07
1725,5.13196e-09
1726,2.9201e-07
1727,6.38146e-09
1728,4.94213e-08
1729,1.99564e-07
1730,9.53196e-07
1731,1.15166e-06
1732,5.27296e-11
1733,6.65222e-08
1734,4.67475e-07
1735,4.9965e-06
1736,1.75624e-07
1737,1.08397e-06
1738,8.69645e-09
1739,6.48016e-08
1740,7.36227e-09
1741,5.11516e-08
1742,9.96282e-08
1743,4.78203e-07
1744,5.59622e-08
1745,1.60653e-07
1746,3.96825e-07
1747,1.19994e-06
1748,2.85616e-07
1749,2.77907e-08
1750,1.0938e-06
1751,7.12425e-07
1752,9.47339e-07
1753,6.64824e-07
1754,4.56227e-07
1755,1.48221e-06
1756,1.77045e-06
1757,3.73648e-08
1758,1.67447e-09
1759,1.20392e-10
1760,3.31764e-07
1761,9.34711e-07
1762,5.55873e-07
1763,5.68716e-08
1764,2.61805e-07
1765,2.47269e-09
1766,1.06383e-06
1767,5.39959e-06
1768,1.22739e-06
1769,3.73377e-06
1770,7.20596e-07
1771,2.16434e-07
1772,9.89993e-09
1773,4.03142e-08
1774,2.1482e-07
1775,1.0175e-06
1776,5.18869e-07
1777,2.84923e-08
1778,2.23534e-07
1779,1.39372e-06
1780,2.14027e-06
1781,3.5128e-07
1782,4.00511e-07
1783,9.78783e-07
1784,4.16206e-06
1785,1.03216e-06
1786,2.34352e-07
1787,1.84688e-08
1788,8.8017e-08
1789,4.71188e-07
1790,1.1204e-07
1791,1.65454e-06
1792,2.78737e-07
1793,5.24671e-08
1794,5.64247e-08
1795,2.18852e-07
1796,1.47204e-07
1797,1.27608e-06
1798,2.72475e-06
1799,3.87278e-07
1800,3.36599e-07
1801,1.27249e-06
1802,9.07608e-10
1803,2.28913e-07
1804,2.86565e-07
1805,3.38773e-07
1806,2.53568e-07
1807,4.38271e-06
1808,2.00939e-09
1809,4.16922e-09
1810,3.25669e-08
1811,1.92655e-07
1812,2.58815e-07
1813,2.93528e-07
1814,2.43754e-07
1815,3.47965e-09
1816,1.29531e-08
1817,1.06064e-06
1818,8.88977e-09
1819,2.96953e-07
1820,9.32565e-08
1821,4.25763e-09
1822,8.15606e-08
1823,2.99901e-06
1824,1.73998e-07
1825,1.94695e-06
1826,1.23412e-08
1827,4.70076e-07
1828,1.43066e-07
1829,1.5756e-07
1830,8.76395e-08
1831,3.96695e-07
1832,5.13859e-07
1833,2.32167e-09
1834,5.68698e-07
1835,1.62975e-07
1836,1.3485e-06
1837,6.35874e-07
1838,4.9513e-08
1839,2.2918e-07
1840,2.7627e-07
1841,4.99728e-07
1842,1.28505e-06
1843,1.9337e-06
1844,7.90577e-09
1845,1.04803e-06
1846,2.06183e-07
1847,1.57669e-08
1848,2.03534e-07
1849,2.11973e-07
1850,7.01829e-09
1851,4.13138e-08
1852,2.17065e-07
1853,2.33227e-07
1854,1.49858e-09
1855,1.70378e-07
1856,2.03574e-07
1857,6.29707e-07
1858,1.47008e-06
1859,1.6509e-06
1860,1.89386e-07
1861,1.26926e-07
1862,3.56659e-07
1863,2.3364e-07
1864,2.22019e-07
1865,1.60499e-07
1866,3.28011e-08
1867,2.3514e-07
1868,1.81598e-07
1869,2.3504e-07
1870,1.72759e-08
1871,3.7008e-07
1872,3.54955e-07
1873,8.62119e-07
1874,2.94738e-07
1875,2.29787e-07
1876,1.32515e-06
1877,1.45056e-07
1878,4.13482e-08
1879,1.63999e-07
1880,7.84515e-08
1881,3.24799e-10
1882,3.27381e-07
1883,3.30242e-08
1884,3.98646e-08
1885,4.68921e-07
1886,3.067e-08
1887,1.04571e-07
1888,7.21302e-07
1889,1.17162e-06
1890,3.10736e-08
1891,1.26146e-06
1892,8.38078e-09
1893,7.9603e-07
1894,3.07885e-07
1895,1.16758e-06
1896,1.94235e-06
1897,2.71173e-08
1898,2.75507e-08
1899,5.95934e-08
1900,1.22598e-06
1901,1.64448e-06
1902,9.39052e-08
1903,4.43719e-08
1904,6.73105e-07
1905,7.26624e-11
1906,1.33569e-07
1907,4.36787e-09
1908,9.8432e-07
1909,5.65577e-08
1910,1.22705e-07
1911,1.18486e-06
1912,1.12735e-09
1913,2.82356e-07
1914,1.8437e-07
1915,3.42723e-07
1916,4.26453e-07
1917,9.84938e-12
1918,3.73096e-07
1919,4.84071e-07
1920,3.41108e-07
1921,8.85595e-08
1922,2.46242e-06
1923,1.3303e-09
1924,6.27658e-07
1925,1.09387e-06
1926,7.84746e-07
1927,1.32431e-06
1928,6.15065e-08
1929,7.91727e-07
1930,9.85584e-07
1931,4.31154e-07
1932,9.76879e-08
1933,9.94888e-08
1934,3.76088e-07
1935,2.129e-06
1936,3.08818e-08
1937,4.73765e-10
1938,7.54518e-07
1939,6.73069e-08
1940,2.11595e-06
1941,1.60417e-07
1942,3.8941e-08
1943,2.00511e-09
1944,9.30335e-09
1945,6.43974e-08
1946,1.22375e-07
1947,3.88851e-07
1948,7.60471e-08
1949,1.05377e-08
1950,3.94995e-07
1951,1.86195e-07
1952,1.25826e-09
1953,1.79997e-09
1954,1.11544e-06
1955,1.15368e-06
1956,1.07431e-10
1957,6.10211e-07
1958,1.28265e-07
1959,2.94261e-06
1960,4.12832e-06
1961,8.28893e-07
1962,3.40706e-08
1963,2.64857e-08
1964,1.86284e-07
1965,1.68309e-07
1966,1.90079e-06
1967,1.53065e-06
1968,7.01086e-07
1969,5.31209e-07
1970,1.3891e-06
1971,1.16259e-07
1972,8.71193e-08
1973,1.6432e-08
1974,4.92029e-07
1975,6.21792e-07
1976,7.48901e-08
1977,2.16362e-07
1978,5.56372e-07
1979,1.05714e-07
1980,8.3257e-07
1981,8.71607e-07
1982,6.26236e-08
1983,1.10177e-07
1984,7.69661e-07
1985,1.69904e-07
1986,6.73836e-07
1987,5.7514e-07
1988,1.80879e-06
1989,1.09621e-07
1990,1.60049e-10
1991,2.24813e-07
1992,4.27066e-08
1993,1.12102e-08
1994,3.43227e-07
1995,1.60872e-06
1996,1.74573e-07
1997,2.54756e-07
1998,9.86822e-08
1999,3.11123e-09
2000,3.52743e-07
